<?xml version="1.0" encoding="UTF-8"?>
<project-private xmlns="http://www.netbeans.org/ns/project-private/1">
    <editor-bookmarks xmlns="http://www.netbeans.org/ns/editor-bookmarks/2" lastBookmarkId="0"/>
    <open-files xmlns="http://www.netbeans.org/ns/projectui-open-files/2">
        <group>
            <file>file:/C:/Users/bharat%20sharma/OneDrive/Documents/NetBeansProjects/MiniProject/web/clientPostProject.css</file>
            <file>file:/C:/Users/bharat%20sharma/OneDrive/Documents/NetBeansProjects/MiniProject/web/afterClientLogin.jsp</file>
            <file>file:/C:/Users/bharat%20sharma/OneDrive/Documents/NetBeansProjects/MiniProject/web/Images/undraw_freelancer_re_irh4.svg</file>
            <file>file:/C:/Users/bharat%20sharma/OneDrive/Documents/NetBeansProjects/MiniProject/web/choicesignup.html</file>
            <file>file:/C:/Users/bharat%20sharma/OneDrive/Documents/NetBeansProjects/MiniProject/src/java/clientSignup.java</file>
            <file>file:/C:/Users/bharat%20sharma/OneDrive/Documents/NetBeansProjects/MiniProject/web/clientPostProject.jsp</file>
            <file>file:/C:/Users/bharat%20sharma/OneDrive/Documents/NetBeansProjects/MiniProject/web/ourteam.css</file>
            <file>file:/C:/Users/bharat%20sharma/OneDrive/Documents/NetBeansProjects/MiniProject/src/java/freelancerBidsProject.java</file>
            <file>file:/C:/Users/bharat%20sharma/OneDrive/Documents/NetBeansProjects/MiniProject/src/java/clientPostProject.java</file>
            <file>file:/C:/Users/bharat%20sharma/OneDrive/Documents/NetBeansProjects/MiniProject/src/java/freelancerSignup.java</file>
            <file>file:/C:/Users/bharat%20sharma/OneDrive/Documents/NetBeansProjects/MiniProject/web/bid.jsp</file>
            <file>file:/C:/Users/bharat%20sharma/OneDrive/Documents/NetBeansProjects/MiniProject/web/validation.js</file>
            <file>file:/C:/Users/bharat%20sharma/OneDrive/Documents/NetBeansProjects/MiniProject/web/adminlogin.html</file>
            <file>file:/C:/Users/bharat%20sharma/OneDrive/Documents/NetBeansProjects/MiniProject/src/java/clientHireFreelancer.java</file>
            <file>file:/C:/Users/bharat%20sharma/OneDrive/Documents/NetBeansProjects/MiniProject/web/choicesignup.css</file>
            <file>file:/C:/Users/bharat%20sharma/OneDrive/Documents/NetBeansProjects/MiniProject/web/clientInUp.html</file>
            <file>file:/C:/Users/bharat%20sharma/OneDrive/Documents/NetBeansProjects/MiniProject/web/afterFreelancerLogin.jsp</file>
            <file>file:/C:/Users/bharat%20sharma/OneDrive/Documents/NetBeansProjects/MiniProject/src/java/freelancerBidClient.java</file>
            <file>file:/C:/Users/bharat%20sharma/OneDrive/Documents/NetBeansProjects/MiniProject/src/java/freelancerLogin.java</file>
            <file>file:/C:/Users/bharat%20sharma/OneDrive/Documents/NetBeansProjects/MiniProject/web/contactus.html</file>
            <file>file:/C:/Users/bharat%20sharma/OneDrive/Documents/NetBeansProjects/MiniProject/src/java/clientLogin.java</file>
            <file>file:/C:/Users/bharat%20sharma/OneDrive/Documents/NetBeansProjects/MiniProject/web/profileupdate.html</file>
            <file>file:/C:/Users/bharat%20sharma/OneDrive/Documents/NetBeansProjects/MiniProject/web/index.html</file>
            <file>file:/C:/Users/bharat%20sharma/OneDrive/Documents/NetBeansProjects/MiniProject/web/clientHireFreelancer.jsp</file>
            <file>file:/C:/Users/bharat%20sharma/OneDrive/Documents/NetBeansProjects/MiniProject/web/freelancerInUp.html</file>
            <file>file:/C:/Users/bharat%20sharma/OneDrive/Documents/NetBeansProjects/MiniProject/web/style.css</file>
        </group>
    </open-files>
</project-private>
